--
-- PostgreSQL database dump
--

SET statement_timeout = 0;
SET lock_timeout = 0;
SET client_encoding = 'SQL_ASCII';
SET standard_conforming_strings = on;
SET check_function_bodies = false;
SET client_min_messages = warning;

--
-- Name: plpgsql; Type: EXTENSION; Schema: -; Owner: 
--

CREATE EXTENSION IF NOT EXISTS plpgsql WITH SCHEMA pg_catalog;


--
-- Name: EXTENSION plpgsql; Type: COMMENT; Schema: -; Owner: 
--

COMMENT ON EXTENSION plpgsql IS 'PL/pgSQL procedural language';


SET search_path = public, pg_catalog;

SET default_tablespace = '';

SET default_with_oids = false;

--
-- Name: accounts; Type: TABLE; Schema: public; Owner: postgres; Tablespace: 
--

CREATE TABLE accounts (
    username character varying(50) NOT NULL,
    pass character varying(30),
    email character varying(100),
    organization character varying(50),
    user_type character varying(20),
    username_sh character varying(50),
    password_sh character varying(30)
);


ALTER TABLE accounts OWNER TO postgres;

--
-- Name: history; Type: TABLE; Schema: public; Owner: postgres; Tablespace: 
--

CREATE TABLE history (
    username character varying(50) NOT NULL,
    service_type character varying(20),
    parameters character varying(300)
);


ALTER TABLE history OWNER TO postgres;

--
-- Name: tentative; Type: TABLE; Schema: public; Owner: postgres; Tablespace: 
--

CREATE TABLE tentative (
    username character varying(50) NOT NULL,
    pass character varying(30),
    email character varying(100),
    organization character varying(50),
    user_type character varying(20)
);


ALTER TABLE tentative OWNER TO postgres;

--
-- Data for Name: accounts; Type: TABLE DATA; Schema: public; Owner: postgres
--

COPY accounts (username, pass, email, organization, user_type, username_sh, password_sh) FROM stdin;
george	12345	geo@test.gr	UoA	Classified	geoSH	12vervr
Maria	12345	maria@bla.gr	Bla	Unclassified	\N	\N
manos	as	fsdf	df	sdf	\N	\N
gstam	12345!	gstam@di.uoa.gr	UoA	Admin	efaki	testapp
gioargyr	petrucc!	gioargyr@di.uoa.gr	UoA	Classified	gioargyr	john@ESA87
dummy	foo!	dummy@foo.gr	UoB	Classified	efaki	testapp
ethanos	nanos	ethanos@di.uoa.gr	UoA	Admin	\N	\N
pnunes	pnunes12345	paulo.nunes@satcen.europa.eu	EU SatCen	Classified	\N	\N
turdeant	123e456!	timea.turdean@semantic-web.com	Semantic Web Company	Unclassified	\N	\N
\.


--
-- Data for Name: history; Type: TABLE DATA; Schema: public; Owner: postgres
--

COPY history (username, service_type, parameters) FROM stdin;
gstam	event_detection	POLYGON((21.40869095921516 35.63944106897394, 7.4340815842151615 35.63944106897394, 7.4340815842151615 45.151053265563405, 21.40869095921516 45.151053265563405, 21.40869095921516 35.63944106897394)),null,null,null
gstam	change_detection	POLYGON((26.022948771715164 33.61461929233377, 7.214355021715164 33.61461929233377, 7.214355021715164 44.74673324024681, 26.022948771715164 44.74673324024681, 26.022948771715164 33.61461929233377)),2016-08-30T00:00:00.000Z,2016-12-13T00:00:00.000Z,efaki,testapp,HH
gstam	event_detection	POLYGON((21.716308146715168 37.125286284966805, 8.444823771715164 37.125286284966805, 8.444823771715164 44.809121700077355, 21.716308146715168 44.809121700077355, 21.716308146715168 37.125286284966805)),null,null,italy,rome
gstam	event_detection	POLYGON((20.94726383686066 33.57801474614398, 2.490232586860664 33.57801474614398, 2.490232586860664 47.75409797968001, 20.94726383686066 47.75409797968001, 20.94726383686066 33.57801474614398)),null,null,null
gstam	event_detection	null,null,null,barcelona
gstam	event_detection	POLYGON((22.319068908691403 36.29727983504752, 8.783912658691404 36.29727983504752, 8.783912658691404 44.6685307892852, 22.319068908691403 44.6685307892852, 22.319068908691403 36.29727983504752)),null,null,italy,rome
gstam	event_detection	POLYGON((22.450904846191403 36.33268979874782, 8.520240783691404 36.33268979874782, 8.520240783691404 44.76221478930714, 22.450904846191403 44.76221478930714, 22.450904846191403 36.33268979874782)),null,null,italy,rome
gstam	event_detection	POLYGON((5.263137817382808 38.51351962326325, -4.844284057617192 38.51351962326325, -4.844284057617192 43.29295042445051, 5.263137817382808 43.29295042445051, 5.263137817382808 38.51351962326325)),null,null,barcelona
Maria	event_detection	POLYGON((7.509498596191405 39.04465272691368, -3.0373764038085933 39.04465272691368, -3.0373764038085933 43.08481205545519, 7.509498596191405 43.08481205545519, 7.509498596191405 39.04465272691368)),null,null,null
Maria	change_detection	POLYGON((18.847389221191406 38.496459168875305, 9.794654846191404 38.496459168875305, 9.794654846191404 43.372987403546915, 18.847389221191406 43.372987403546915, 18.847389221191406 38.496459168875305)),2016-10-03T00:00:00.000Z,2016-12-13T00:00:00.000Z,efaki,testapp,HH
Maria	event_detection	POLYGON((23.022193908691406 35.8354892228877, 6.762428283691403 35.8354892228877, 6.762428283691403 45.16642612815147, 23.022193908691406 45.16642612815147, 23.022193908691406 35.8354892228877)),null,null,null
gstam	event_detection	POLYGON((5.493850708007811 39.50377580420397, -1.8889617919921888 39.50377580420397, -1.8889617919921888 43.32492792202396, 5.493850708007811 43.32492792202396, 5.493850708007811 39.50377580420397)),null,null,barcelona
gioargyr	change_detection	POLYGON((22.4294900894165 39.6269120928755, 22.41429805755615 39.6269120928755, 22.41429805755615 39.63299375946053, 22.4294900894165 39.63299375946053, 22.4294900894165 39.6269120928755)),2016-10-04T00:00:00.000Z,2017-01-10T00:00:00.000Z,gioargyr,john@ESA87,HH
gioargyr	change_detection	POLYGON((23.247070312499993 38.7540832757914, 21.42333984374999 38.7540832757914, 21.42333984374999 39.75787999202174, 23.247070312499993 39.75787999202174, 23.247070312499993 38.7540832757914)),2016-10-04T00:00:00.000Z,2016-12-21T00:00:00.000Z,gioargyr,john@ESA87,HH
gioargyr	change_detection	POLYGON((22.489528656005856 39.64033071077199, 22.442836761474602 39.64033071077199, 22.442836761474602 39.657645473237835, 22.489528656005856 39.657645473237835, 22.489528656005856 39.64033071077199)),2016-10-04T00:00:00.000Z,2017-01-10T00:00:00.000Z,gioargyr,john@ESA87,HH
gioargyr	change_detection	POLYGON((22.490558624267578 39.64059509088577, 22.43974685668945 39.64059509088577, 22.43974685668945 39.65830625612105, 22.490558624267578 39.65830625612105, 22.490558624267578 39.64059509088577)),2016-10-11T00:00:00.000Z,2017-01-12T00:00:00.000Z,gioargyr,john@ESA87,HH
gioargyr	change_detection	POLYGON((22.427344322204593 39.62314383558126, 22.413010597229004 39.62314383558126, 22.413010597229004 39.630547936079864, 22.427344322204593 39.630547936079864, 22.427344322204593 39.62314383558126)),2016-11-08T00:00:00.000Z,2017-01-10T00:00:00.000Z,gioargyr,john@ESA87,HH
gioargyr	change_detection	POLYGON((22.5823974609375 39.34916646551957, 21.697998046874996 39.34916646551957, 21.697998046874996 39.764214037515586, 22.5823974609375 39.764214037515586, 22.5823974609375 39.34916646551957)),2016-11-01T00:00:00.000Z,2017-01-10T00:00:00.000Z,gioargyr,john@ESA87,VV
gioargyr	change_detection	POLYGON((23.657341003417965 37.936548478609794, 23.62163543701172 37.936548478609794, 23.62163543701172 37.95211644584657, 23.657341003417965 37.95211644584657, 23.657341003417965 37.936548478609794)),2016-10-31T00:00:00.000Z,2017-01-10T00:00:00.000Z,gioargyr,john@ESA87,HH
gioargyr	change_detection	POLYGON((21.739110946655273 38.224426107530206, 21.721086502075188 38.224426107530206, 21.721086502075188 38.24606727661657, 21.739110946655273 38.24606727661657, 21.739110946655273 38.224426107530206)),2016-11-08T00:00:00.000Z,2017-01-10T00:00:00.000Z,gioargyr,john@ESA87,HH
gioargyr	change_detection	POLYGON((23.687553405761715 37.93407760666592, 23.663606643676754 37.93407760666592, 23.663606643676754 37.94497589642805, 23.687553405761715 37.94497589642805, 23.687553405761715 37.93407760666592)),2016-11-01T00:00:00.000Z,2017-01-10T00:00:00.000Z,gioargyr,john@ESA87,HH
dummy	change_detection	POLYGON((22.700500488281246 39.50192146626986, 22.214355468749993 39.50192146626986, 22.214355468749993 39.709299623387665, 22.700500488281246 39.709299623387665, 22.700500488281246 39.50192146626986)),2016-10-07T00:00:00.000Z,2016-10-13T00:00:00.000Z,efaki,testapp,VV
gioargyr	change_detection	POLYGON((22.59201049804687 39.54376447625299, 22.26104736328125 39.54376447625299, 22.26104736328125 39.715109947757554, 22.59201049804687 39.715109947757554, 22.59201049804687 39.54376447625299)),2016-10-07T00:00:00.000Z,2016-10-13T00:00:00.000Z,gioargyr,john@ESA87,VV
gioargyr	change_detection	POLYGON((23.0548095703125 38.595407199403866, 21.5386962890625 38.595407199403866, 21.5386962890625 39.592990390285024, 23.0548095703125 39.592990390285024, 23.0548095703125 38.595407199403866)),2016-10-04T00:00:00.000Z,2017-01-10T00:00:00.000Z,gioargyr,john@ESA87,HH
gioargyr	change_detection	POLYGON((55.123901367187486 23.745125865762915, 53.71765136718749 23.745125865762915, 53.71765136718749 24.652009767778694, 55.123901367187486 24.652009767778694, 55.123901367187486 23.745125865762915)),2016-10-04T00:00:00.000Z,2017-01-10T00:00:00.000Z,gioargyr,john@ESA87,VV
gioargyr	change_detection	POLYGON((21.76091194152832 38.20743226618973, 21.716194152832028 38.20743226618973, 21.716194152832028 38.22766257971722, 21.76091194152832 38.22766257971722, 21.76091194152832 38.20743226618973)),2016-11-08T00:00:00.000Z,2017-01-10T00:00:00.000Z,gioargyr,john@ESA87,HH
gioargyr	event_detection	null,null,null,camp
ethanos	change_detection	POLYGON((38.8037109375 29.95493454965613, 34.5849609375 29.95493454965613, 34.5849609375 33.54139466898276, 38.8037109375 33.54139466898276, 38.8037109375 29.95493454965613)),2017-01-02T00:00:00.000Z,2017-01-04T00:00:00.000Z,efaki,testapp,HH
ethanos	change_detection	POLYGON((62.92968750000002 5.266007882805525, 40.42968750000003 5.266007882805525, 40.42968750000003 40.97989806962016, 62.92968750000002 40.97989806962016, 62.92968750000002 5.266007882805525)),2017-01-03T00:00:00.000Z,2017-01-06T00:00:00.000Z,efaki,testapp,HH
ethanos	change_detection	POLYGON((21.884765624999996 38.7540832757914, 20.874023437499996 38.7540832757914, 20.874023437499996 39.38526381099777, 21.884765624999996 39.38526381099777, 21.884765624999996 38.7540832757914)),2017-01-03T00:00:00.000Z,2017-01-11T00:00:00.000Z,efaki,testapp,VV
ethanos	change_detection	POLYGON((22.763671874999996 39.11301365149973, 21.610107421874996 39.11301365149973, 21.610107421874996 39.82541310342475, 22.763671874999996 39.82541310342475, 22.763671874999996 39.11301365149973)),2016-10-07T00:00:00.000Z,2016-10-13T00:00:00.000Z,efaki,testapp,VV
gioargyr	change_detection	POLYGON((22.45571136474609 39.61362311364911, 22.374687194824215 39.61362311364911, 22.374687194824215 39.64905472088475, 22.45571136474609 39.64905472088475, 22.45571136474609 39.61362311364911)),2016-08-29T00:00:00.000Z,2017-01-10T00:00:00.000Z,gioargyr,john@ESA87,VV
gioargyr	change_detection	POLYGON((22.43597030639648 39.61864810231211, 22.396144866943356 39.61864810231211, 22.396144866943356 39.642181350344316, 22.43597030639648 39.642181350344316, 22.43597030639648 39.61864810231211)),2016-08-28T00:00:00.000Z,2017-01-10T00:00:00.000Z,gioargyr,john@ESA87,VV
gioargyr	change_detection	POLYGON((22.429533004760742 39.63120897795298, 22.4051570892334 39.63120897795298, 22.4051570892334 39.646279018873884, 22.429533004760742 39.646279018873884, 22.429533004760742 39.63120897795298)),2016-08-28T00:00:00.000Z,2017-01-10T00:00:00.000Z,gioargyr,john@ESA87,VV
gioargyr	change_detection	POLYGON((22.434167861938477 39.62843255964083, 22.405500411987305 39.62843255964083, 22.405500411987305 39.64760079563351, 22.434167861938477 39.64760079563351, 22.434167861938477 39.62843255964083)),2016-08-28T00:00:00.000Z,2017-01-10T00:00:00.000Z,gioargyr,john@ESA87,VV
gioargyr	change_detection	POLYGON((22.447299957275387 39.61600341690948, 22.39992141723632 39.61600341690948, 22.39992141723632 39.643503205432836, 22.447299957275387 39.643503205432836, 22.447299957275387 39.61600341690948)),2016-08-28T00:00:00.000Z,2017-01-10T00:00:00.000Z,gioargyr,john@ESA87,VV
gioargyr	change_detection	POLYGON((22.4384593963623 39.62420161273121, 22.402067184448242 39.62420161273121, 22.402067184448242 39.6450893981864, 22.4384593963623 39.6450893981864, 22.4384593963623 39.62420161273121)),2016-08-28T00:00:00.000Z,2017-01-10T00:00:00.000Z,gioargyr,john@ESA87,VV
gioargyr	change_detection	POLYGON((-118.12637329101561 33.95019528275702, -118.39553833007811 33.95019528275702, -118.39553833007811 34.06176136129719, -118.12637329101561 34.06176136129719, -118.12637329101561 33.95019528275702)),2016-10-30T00:00:00.000Z,2017-01-10T00:00:00.000Z,gioargyr,john@ESA87,VV
gioargyr	change_detection	POLYGON((-117.9155731201172 33.630628895395645, -118.30284118652342 33.630628895395645, -118.30284118652342 33.827075293445986, -117.9155731201172 33.827075293445986, -117.9155731201172 33.630628895395645)),2016-10-30T00:00:00.000Z,2017-01-10T00:00:00.000Z,gioargyr,john@ESA87,VV
gioargyr	change_detection	POLYGON((54.63638305664063 24.357105493969726, 54.26834106445313 24.357105493969726, 54.26834106445313 24.557116164309633, 54.63638305664063 24.557116164309633, 54.63638305664063 24.357105493969726)),2016-10-30T00:00:00.000Z,2017-01-10T00:00:00.000Z,gioargyr,john@ESA87,VV
gioargyr	change_detection	POLYGON((22.432966232299805 39.63087845780595, 22.411336898803707 39.63087845780595, 22.411336898803707 39.64475894436325, 22.432966232299805 39.64475894436325, 22.432966232299805 39.63087845780595)),2016-08-28T00:00:00.000Z,2017-01-10T00:00:00.000Z,gioargyr,john@ESA87,VV
gioargyr	change_detection	POLYGON((23.74711990356445 37.95110124417427, 23.6949348449707 37.95110124417427, 23.6949348449707 37.97032001396947, 23.74711990356445 37.97032001396947, 23.74711990356445 37.95110124417427)),2016-08-28T00:00:00.000Z,2017-01-10T00:00:00.000Z,gioargyr,john@ESA87,VV
gioargyr	change_detection	POLYGON((23.74711990356445 37.95110124417427, 23.6949348449707 37.95110124417427, 23.6949348449707 37.97032001396947, 23.74711990356445 37.97032001396947, 23.74711990356445 37.95110124417427)),2016-08-28T00:00:00.000Z,2017-01-10T00:00:00.000Z,gioargyr,john@ESA87,VV
gioargyr	change_detection	POLYGON((-103.07235717773439 23.485919728174267, -103.39096069335939 23.485919728174267, -103.39096069335939 23.692319656040908, -103.07235717773439 23.692319656040908, -103.07235717773439 23.485919728174267)),2016-10-30T00:00:00.000Z,2017-01-10T00:00:00.000Z,gioargyr,john@ESA87,VV
gioargyr	change_detection	POLYGON((-118.01651000976562 33.87041555094183, -118.24996948242188 33.87041555094183, -118.24996948242188 33.99575015925126, -118.01651000976562 33.99575015925126, -118.01651000976562 33.87041555094183)),2016-09-25T00:00:00.000Z,2017-01-10T00:00:00.000Z,gioargyr,john@ESA87,VV
gioargyr	change_detection	POLYGON((-117.97325134277345 33.82137099133307, -118.13392639160158 33.82137099133307, -118.13392639160158 33.904616008362325, -117.97325134277345 33.904616008362325, -117.97325134277345 33.82137099133307)),2016-09-25T00:00:00.000Z,2017-01-10T00:00:00.000Z,gioargyr,john@ESA87,VV
gioargyr	change_detection	POLYGON((-118.12294006347655 33.73233462866423, -118.31382751464844 33.73233462866423, -118.31382751464844 33.79284377363183, -118.12294006347655 33.79284377363183, -118.12294006347655 33.73233462866423)),2016-09-25T00:00:00.000Z,2017-01-10T00:00:00.000Z,gioargyr,john@ESA87,VV
gioargyr	change_detection	POLYGON((-118.19194793701172 34.03217648339047, -118.33065032958983 34.03217648339047, -118.33065032958983 34.08621798113671, -118.19194793701172 34.08621798113671, -118.19194793701172 34.03217648339047)),2016-09-27T00:00:00.000Z,2017-01-10T00:00:00.000Z,gioargyr,john@ESA87,VV
gioargyr	change_detection	POLYGON((-118.12019348144528 34.00599664251841, -118.30696105957028 34.00599664251841, -118.30696105957028 34.085649302735504, -118.12019348144528 34.085649302735504, -118.12019348144528 34.00599664251841)),2017-01-01T00:00:00.000Z,2017-01-17T00:00:00.000Z,gioargyr,john@ESA87,VV
gioargyr	change_detection	POLYGON((-118.14491271972658 34.00258128543372, -118.32618713378906 34.00258128543372, -118.32618713378906 34.07654992889175, -118.14491271972658 34.07654992889175, -118.14491271972658 34.00258128543372)),2017-01-01T00:00:00.000Z,2017-01-17T00:00:00.000Z,gioargyr,john@ESA87,VV
gioargyr	change_detection	POLYGON((-118.15177917480467 34.01396527491265, -118.27674865722653 34.01396527491265, -118.27674865722653 34.08792399342336, -118.15177917480467 34.08792399342336, -118.15177917480467 34.01396527491265)),2017-01-01T00:00:00.000Z,2017-01-15T00:00:00.000Z,gioargyr,john@ESA87,VV
gioargyr	change_detection	POLYGON((-118.14765930175781 34.016241889667, -118.29185485839845 34.016241889667, -118.29185485839845 34.06744957739346, -118.14765930175781 34.06744957739346, -118.14765930175781 34.016241889667)),2017-01-01T00:00:00.000Z,2017-01-15T00:00:00.000Z,gioargyr,john@ESA87,VV
gioargyr	change_detection	POLYGON((-118.16963195800781 34.02648590051865, -118.29048156738281 34.02648590051865, -118.29048156738281 34.09019862299803, -118.16963195800781 34.09019862299803, -118.16963195800781 34.02648590051865)),2017-01-01T00:00:00.000Z,2017-01-15T00:00:00.000Z,gioargyr,john@ESA87,VV
gioargyr	change_detection	POLYGON((-118.1641387939453 34.016241889667, -118.28224182128905 34.016241889667, -118.28224182128905 34.07654992889175, -118.1641387939453 34.07654992889175, -118.1641387939453 34.016241889667)),2017-01-01T00:00:00.000Z,2017-01-15T00:00:00.000Z,gioargyr,john@ESA87,VV
gioargyr	change_detection	POLYGON((-118.22061538696288 34.048392550596816, -118.26765060424803 34.048392550596816, -118.26765060424803 34.069155967763436, -118.22061538696288 34.069155967763436, -118.22061538696288 34.048392550596816)),2017-01-01T00:00:00.000Z,2017-01-15T00:00:00.000Z,gioargyr,john@ESA87,VV
gioargyr	change_detection	POLYGON((-118.16276550292967 34.028762179464465, -118.32756042480467 34.028762179464465, -118.32756042480467 34.09019862299803, -118.16276550292967 34.09019862299803, -118.16276550292967 34.028762179464465)),2017-01-01T00:00:00.000Z,2017-01-15T00:00:00.000Z,gioargyr,john@ESA87,VV
gioargyr	change_detection	POLYGON((22.49794006347656 39.59722324495564, 22.337265014648434 39.59722324495564, 22.337265014648434 39.65539876418114, 22.49794006347656 39.65539876418114, 22.49794006347656 39.59722324495564)),2017-01-01T00:00:00.000Z,2017-01-15T00:00:00.000Z,gioargyr,john@ESA87,VV
gioargyr	change_detection	POLYGON((22.542572021484375 39.561235736324846, 22.284393310546875 39.561235736324846, 22.284393310546875 39.690280594818034, 22.542572021484375 39.690280594818034, 22.542572021484375 39.561235736324846)),2017-01-01T00:00:00.000Z,2017-01-15T00:00:00.000Z,gioargyr,john@ESA87,VV
gioargyr	change_detection	POLYGON((22.424898147583008 39.635703895181166, 22.412881851196286 39.635703895181166, 22.412881851196286 39.64033071077199, 22.424898147583008 39.64033071077199, 22.424898147583008 39.635703895181166)),2017-01-01T00:00:00.000Z,2017-01-15T00:00:00.000Z,gioargyr,john@ESA87,VV
gioargyr	change_detection	POLYGON((22.42252707481384 39.63358867639727, 22.41304278373718 39.63358867639727, 22.41304278373718 39.63864526378825, 22.42252707481384 39.63864526378825, 22.42252707481384 39.63358867639727)),2017-01-01T00:00:00.000Z,2017-01-15T00:00:00.000Z,gioargyr,john@ESA87,VV
gioargyr	change_detection	POLYGON((22.421185970306396 39.63279545267801, 22.409727573394775 39.63279545267801, 22.409727573394775 39.63834782770388, 22.421185970306396 39.63834782770388, 22.421185970306396 39.63279545267801)),2017-01-01T00:00:00.000Z,2017-01-15T00:00:00.000Z,gioargyr,john@ESA87,VV
gioargyr	change_detection	POLYGON((22.420413494110104 39.63299375946053, 22.407925128936764 39.63299375946053, 22.407925128936764 39.63864526378828, 22.420413494110104 39.63864526378828, 22.420413494110104 39.63299375946053)),2017-01-01T00:00:00.000Z,2017-01-15T00:00:00.000Z,gioargyr,john@ESA87,VV
gioargyr	change_detection	POLYGON((22.425445318222042 39.6335060493509, 22.413665056228634 39.6335060493509, 22.413665056228634 39.63819910918204, 22.425445318222042 39.63819910918204, 22.425445318222042 39.6335060493509)),2017-01-01T00:00:00.000Z,2017-01-15T00:00:00.000Z,gioargyr,john@ESA87,VV
gioargyr	change_detection	POLYGON((-117.99522399902345 33.95703006998228, -118.37699890136722 33.95703006998228, -118.37699890136722 34.098159345215535, -117.99522399902345 34.098159345215535, -117.99522399902345 33.95703006998228)),2017-01-01T00:00:00.000Z,2017-01-15T00:00:00.000Z,gioargyr,john@ESA87,VV
gioargyr	change_detection	POLYGON((-118.12500000000001 34.02022581858034, -118.33442687988283 34.02022581858034, -118.33442687988283 34.08621798113671, -118.12500000000001 34.08621798113671, -118.12500000000001 34.02022581858034)),2017-01-01T00:00:00.000Z,2017-01-15T00:00:00.000Z,gioargyr,john@ESA87,VV
gioargyr	change_detection	POLYGON((-118.05084228515625 33.97639231886983, -118.3172607421875 33.97639231886983, -118.3172607421875 34.089061315849975, -118.05084228515625 34.089061315849975, -118.05084228515625 33.97639231886983)),2017-01-01T00:00:00.000Z,2017-01-15T00:00:00.000Z,gioargyr,john@ESA87,VV
gioargyr	change_detection	POLYGON((-118.01101684570311 33.95247360616284, -118.333740234375 33.95247360616284, -118.333740234375 34.111804555568995, -118.01101684570311 34.111804555568995, -118.01101684570311 33.95247360616284)),2017-01-01T00:00:00.000Z,2017-01-15T00:00:00.000Z,gioargyr,john@ESA87,VV
gioargyr	change_detection	POLYGON((-117.96295166015622 33.91145445426761, -118.40515136718747 33.91145445426761, -118.40515136718747 33.99802726234877, -117.96295166015622 33.99802726234877, -117.96295166015622 33.91145445426761)),2017-01-01T00:00:00.000Z,2017-01-15T00:00:00.000Z,gioargyr,john@ESA87,VV
gioargyr	change_detection	POLYGON((-118.34266662597656 33.91857725200029, -118.45630645751952 33.91857725200029, -118.45630645751952 33.96528803872333, -118.34266662597656 33.96528803872333, -118.34266662597656 33.91857725200029)),2016-11-27T00:00:00.000Z,2017-01-15T00:00:00.000Z,gioargyr,john@ESA87,VV
gioargyr	change_detection	POLYGON((-118.21563720703125 34.061050307437995, -118.2630157470703 34.061050307437995, -118.2630157470703 34.0857914726939, -118.21563720703125 34.0857914726939, -118.21563720703125 34.061050307437995)),2017-01-01T00:00:00.000Z,2017-01-15T00:00:00.000Z,gioargyr,john@ESA87,VV
gioargyr	change_detection	POLYGON((-118.21563720703125 34.061050307437995, -118.2630157470703 34.061050307437995, -118.2630157470703 34.0857914726939, -118.21563720703125 34.0857914726939, -118.21563720703125 34.061050307437995)),2017-01-01T00:00:00.000Z,2017-01-15T00:00:00.000Z,gioargyr,john@ESA87,VV
gioargyr	change_detection	POLYGON((54.40567016601561 24.451212565086607, 54.319152832031236 24.451212565086607, 54.319152832031236 24.504331717745615, 54.40567016601561 24.504331717745615, 54.40567016601561 24.451212565086607)),2017-01-01T00:00:00.000Z,2017-01-15T00:00:00.000Z,gioargyr,john@ESA87,VV
gioargyr	change_detection	POLYGON((23.646869659423828 37.94040693441727, 23.627643585205078 37.94040693441727, 23.627643585205078 37.95055979754599, 23.646869659423828 37.95055979754599, 23.646869659423828 37.94040693441727)),2016-09-01T00:00:00.000Z,2017-01-15T00:00:00.000Z,gioargyr,john@ESA87,VV
gioargyr	change_detection	POLYGON((22.774658203125 39.376771996616355, 21.697998046875 39.376771996616355, 21.697998046875 39.80853604144593, 22.774658203125 39.80853604144593, 22.774658203125 39.376771996616355)),2016-08-31T00:00:00.000Z,2017-02-01T00:00:00.000Z,gioargyr,john@ESA87,VH
gioargyr	change_detection	POLYGON((4.196434020996093 51.917167589090155, 3.987007141113281 51.917167589090155, 3.987007141113281 51.98826308382172, 4.196434020996093 51.98826308382172, 4.196434020996093 51.917167589090155)),2017-01-01T00:00:00.000Z,2017-02-01T00:00:00.000Z,gioargyr,john@ESA87,VV
gioargyr	event_detection	null,null,null,camp
gioargyr	event_detection	null,null,null,camp
gioargyr	event_detection	null,null,null,camp
gioargyr	event_detection	null,null,null,camp
gioargyr	event_detection	null,null,null,camp
gioargyr	change_detection	POLYGON((22.424705028533936 39.63572042007331, 22.41268873214722 39.63572042007331, 22.41268873214722 39.64077685162775, 22.424705028533936 39.64077685162775, 22.424705028533936 39.63572042007331)),2016-09-01T00:00:00.000Z,2017-02-01T00:00:00.000Z,gioargyr,john@ESA87,VV
gioargyr	change_detection	POLYGON((23.6929178237915 37.93279136648232, 23.670601844787598 37.93279136648232, 23.670601844787598 37.94301296977709, 23.6929178237915 37.94301296977709, 23.6929178237915 37.93279136648232)),2016-08-28T00:00:00.000Z,2017-01-01T00:00:00.000Z,gioargyr,john@ESA87,VV
george	change_detection	POLYGON((-3.5439491271972656 40.45112726587229, -3.601627349853516 40.45112726587229, -3.601627349853516 40.53415491923229, -3.5439491271972656 40.53415491923229, -3.5439491271972656 40.45112726587229)),2017-01-01T00:00:00.000Z,2017-01-31T00:00:00.000Z,geoSH,12vervr,HH
george	change_detection	POLYGON((22.796630859374996 37.996162679728116, 21.851806640624996 37.996162679728116, 21.851806640624996 38.61687046392973, 22.796630859374996 38.61687046392973, 22.796630859374996 37.996162679728116)),null,null,geoSH,12vervr,HH
george	change_detection	POLYGON((22.796630859374996 37.996162679728116, 21.851806640624996 37.996162679728116, 21.851806640624996 38.61687046392973, 22.796630859374996 38.61687046392973, 22.796630859374996 37.996162679728116)),null,null,EAngiuli,nglmnl79,HH
george	change_detection	POLYGON((-3.5439491271972656 40.45112726587229, -3.601627349853516 40.45112726587229, -3.601627349853516 40.53415491923229, -3.5439491271972656 40.53415491923229, -3.5439491271972656 40.45112726587229)),2017-01-01T00:00:00.000Z,2017-01-31T00:00:00.000Z,EAngiuli,nglmnl79,HH
gioargyr	event_detection	null,null,null,camp
gioargyr	change_detection	POLYGON((-39.19921875 -19.890723023996898, -41.77001953125 -19.890723023996898, -41.77001953125 -17.76961224714266, -39.19921875 -17.76961224714266, -39.19921875 -19.890723023996898)),2016-09-25T00:00:00.000Z,2017-02-01T00:00:00.000Z,gioargyr,john@ESA87,VV
gioargyr	event_detection	null,null,null,camp
gioargyr	change_detection	POLYGON((22.427215576171875 39.63160560004502, 22.407817840576172 39.63160560004502, 22.407817840576172 39.63993413870634, 22.427215576171875 39.63993413870634, 22.427215576171875 39.63160560004502)),2016-08-01T00:00:00.000Z,2017-02-01T00:00:00.000Z,gioargyr,john@ESA87,VV
gioargyr	event_detection	null,null,null,camp
pnunes	change_detection	POLYGON((-3.5345077514648433 40.428132913884156, -3.5997390747070304 40.428132913884156, -3.5997390747070304 40.53676418550202, -3.5345077514648433 40.53676418550202, -3.5345077514648433 40.428132913884156)),2017-01-01T00:00:00.000Z,2017-02-22T00:00:00.000Z,EAngiuli,nglmnl79,HH
gstam	event_detection	null,null,null,camp
gioargyr	event_detection	null,null,null,camp
gioargyr	event_detection	null,null,null,camp
gioargyr	change_detection	POLYGON((22.426357269287106 39.63220052891967, 22.413311004638665 39.63220052891967, 22.413311004638665 39.63914098775308, 22.426357269287106 39.63914098775308, 22.426357269287106 39.63220052891967)),2016-09-25T00:00:00.000Z,2017-02-01T00:00:00.000Z,gioargyr,john@ESA87,VV
gioargyr	event_detection	null,null,null,camp
gioargyr	event_detection	null,null,null,Camp
\.


--
-- Data for Name: tentative; Type: TABLE DATA; Schema: public; Owner: postgres
--

COPY tentative (username, pass, email, organization, user_type) FROM stdin;
Nikos	12345	nick@bla.gr	Bla	Classified
Lalalo	12345	lalalo@di.uoa.gr	UoA	Classified
Bill	ksdf	bill@test.gr	Test	Unclassified
Mimis	12345	mimis@test.gr	BLO	Classified
dummytest	123456@	gmk@gmail.com	UoA	Classified
gargyr	paoiehg	kati@gmail.com	UoA	Unclassified
\.


--
-- Name: tempKey; Type: CONSTRAINT; Schema: public; Owner: postgres; Tablespace: 
--

ALTER TABLE ONLY tentative
    ADD CONSTRAINT "tempKey" PRIMARY KEY (username);


--
-- Name: userKey; Type: CONSTRAINT; Schema: public; Owner: postgres; Tablespace: 
--

ALTER TABLE ONLY accounts
    ADD CONSTRAINT "userKey" PRIMARY KEY (username);


--
-- Name: historyFKey; Type: FK CONSTRAINT; Schema: public; Owner: postgres
--

ALTER TABLE ONLY history
    ADD CONSTRAINT "historyFKey" FOREIGN KEY (username) REFERENCES accounts(username);


--
-- Name: public; Type: ACL; Schema: -; Owner: postgres
--

REVOKE ALL ON SCHEMA public FROM PUBLIC;
REVOKE ALL ON SCHEMA public FROM postgres;
GRANT ALL ON SCHEMA public TO postgres;
GRANT ALL ON SCHEMA public TO PUBLIC;


--
-- PostgreSQL database dump complete
--
